Nucleotide,N,Dotbracket,Reactivity,SE.k,Significant,Condition
G,1,.,,,,
G,2,.,,,,
A,3,.,,,,
A,4,.,,,,
C,5,<,,,,
A,6,<,,,,
C,7,<,,,,
U,8,<,,,,
C,9,<,,,,
A,10,<,,,,
U,11,<,,,,
A,12,<,,,,
U,13,.,,,,
A,14,.,,,,
A,15,.,,,,
U,16,.,,,,
C,17,.,,,,
G,18,<,,,,
C,19,<,,,,
G,20,<,,,,
U,21,<,,,,
G,22,<,,,,
G,23,.,,,,
A,24,.,,,,
U,25,.,,,,
A,26,.,,,,
U,27,.,,,,
G,28,.,,,,
G,29,.,13.0626433899964,42.2445718778079,FALSE,Eco80
C,30,>,-27.730758436264,40.9031308376032,FALSE,Eco80
A,31,>,825.522802470347,40.9031308376032,TRUE,Eco80
C,32,>,187.544053719783,40.9031308376032,TRUE,Eco80
G,33,>,-17.6799842892666,40.9031308376032,FALSE,Eco80
C,34,>,37.7421137417963,40.9031308376031,FALSE,Eco80
A,35,.,76.9239435734379,40.9031308376032,FALSE,Eco80
A,36,.,71.473531017896,40.9031308376032,FALSE,Eco80
G,37,.,44.8522465370344,40.903130837603,FALSE,Eco80
U,38,.,21.4243783131545,40.9031308376032,FALSE,Eco80
U,39,.,105.222636476295,40.9031308376032,FALSE,Eco80
U,40,.,102.622187395539,40.9031308376032,FALSE,Eco80
C,41,.,61.1386005870122,40.9031308376032,FALSE,Eco80
U,42,.,102.176197945457,47.2308671995773,FALSE,Eco80
A,43,.,21.6868120908241,47.2308671995775,FALSE,Eco80
C,44,.,18.5928059108884,40.9031308376032,FALSE,Eco80
C,45,<,19.3493265500797,40.9031308376032,FALSE,Eco80
G,46,<,15.996950438221,40.9031308376032,FALSE,Eco80
G,47,<,42.7650453336606,40.9031308376032,FALSE,Eco80
G,48,<,57.6644265460028,40.9031308376032,FALSE,Eco80
C,49,<,73.2403954343485,40.9031308376032,FALSE,Eco80
A,50,<,62.3633472259592,40.9031308376032,FALSE,Eco80
C,51,.,-41.8608836892091,40.9031308376031,TRUE,Eco80
C,52,.,78.1536137051079,40.9031308376032,FALSE,Eco80
G,53,.,-8.07002596714322,40.9031308376031,FALSE,Eco80
U,54,.,532.162813827402,40.9031308376032,TRUE,Eco80
A,55,.,9.32316993126949,41.9670937694877,FALSE,Eco80
A,56,.,-36.7716720737027,40.9031308376032,TRUE,Eco80
A,57,.,4.55813175166131,40.9031308376032,FALSE,Eco80
U,58,>,-13.2609066522609,41.9670937694877,FALSE,Eco80
G,59,>,-5.65430648240994,40.9031308376032,FALSE,Eco80
U,60,>,-26.8663338062043,40.9031308376032,FALSE,Eco80
C,61,>,86.46781288166,40.9031308376032,FALSE,Eco80
C,62,>,32.9029231661496,44.6266079302803,FALSE,Eco80
G,63,>,170.339995214219,40.9031308376032,TRUE,Eco80
A,64,.,,,,
C,65,.,,,,
U,66,>,,,,
A,67,>,,,,
U,68,>,,,,
G,69,>,,,,
G,70,>,,,,
G,71,>,,,,
U,72,>,,,,
G,73,>,,,,
