Nucleotide,N,Dotbracket,Reactivity,SE.k,Significant,Condition
G,1,.,,,,
G,2,.,,,,
A,3,.,,,,
A,4,.,,,,
C,5,<,,,,
A,6,<,,,,
C,7,<,,,,
U,8,<,,,,
C,9,<,,,,
A,10,<,,,,
U,11,<,,,,
A,12,<,,,,
U,13,.,,,,
A,14,.,,,,
A,15,.,,,,
U,16,.,,,,
C,17,.,,,,
G,18,<,,,,
C,19,<,,,,
G,20,<,,,,
U,21,<,,,,
G,22,<,,,,
G,23,.,,,,
A,24,.,,,,
U,25,.,,,,
A,26,.,,,,
U,27,.,,,,
G,28,.,,,,
G,29,.,80.6228100607367,40.9031308376031,FALSE,WMCM
C,30,>,10.6009756797501,40.9031308376032,FALSE,WMCM
A,31,>,555.928183759326,40.9031308376033,TRUE,WMCM
C,32,>,478.203141005255,40.9031308376031,TRUE,WMCM
G,33,>,-43.3603078879816,40.9031308376032,TRUE,WMCM
C,34,>,80.6135417960915,40.903130837603,FALSE,WMCM
A,35,.,98.3589096816249,40.9031308376032,FALSE,WMCM
A,36,.,148.555219265416,40.903130837603,TRUE,WMCM
G,37,.,48.3204082507815,40.9031308376031,FALSE,WMCM
U,38,.,77.8726069544626,40.9031308376031,FALSE,WMCM
U,39,.,229.919795736005,40.9031308376032,TRUE,WMCM
U,40,.,68.8510388651066,40.9031308376031,FALSE,WMCM
C,41,.,129.460276336062,40.9031308376031,FALSE,WMCM
U,42,.,140.930636802411,40.9031308376032,TRUE,WMCM
A,43,.,63.3843674615764,40.9031308376032,FALSE,WMCM
C,44,.,120.36324418083,40.9031308376032,FALSE,WMCM
C,45,<,54.5698780807929,40.9031308376032,FALSE,WMCM
G,46,<,26.1314523093205,40.9031308376031,FALSE,WMCM
G,47,<,42.4407948473335,40.9031308376032,FALSE,WMCM
G,48,<,68.4843314703813,40.9031308376031,FALSE,WMCM
C,49,<,88.5863952060628,40.9031308376031,FALSE,WMCM
A,50,<,43.1149887399587,40.9031308376031,FALSE,WMCM
C,51,.,13.3360243300288,40.9031308376031,FALSE,WMCM
C,52,.,63.6498491296698,40.9031308376032,FALSE,WMCM
G,53,.,76.7057230443084,40.9031308376032,FALSE,WMCM
U,54,.,661.200253434427,40.9031308376032,TRUE,WMCM
A,55,.,14.8850053189813,40.9031308376032,FALSE,WMCM
A,56,.,66.2689796005027,40.9031308376032,FALSE,WMCM
A,57,.,0.038942105903999,40.9031308376031,FALSE,WMCM
U,58,>,44.472484007987,40.9031308376032,FALSE,WMCM
G,59,>,89.1206124413978,40.9031308376032,FALSE,WMCM
U,60,>,77.3969670400688,40.9031308376032,FALSE,WMCM
C,61,>,-18.4544742407595,40.9031308376032,FALSE,WMCM
C,62,>,8.80744291531234,41.3382652485389,FALSE,WMCM
G,63,>,-45.756309078312,40.9031308376032,TRUE,WMCM
A,64,.,,,,
C,65,.,,,,
U,66,>,,,,
A,67,>,,,,
U,68,>,,,,
G,69,>,,,,
G,70,>,,,,
G,71,>,,,,
U,72,>,,,,
G,73,>,,,,
