"Method","H","SE.H","S","SE.S","G","SE.G","K_error","R"
"1 VH plot",-52.2,0.4,-125,1.1,-13.4,0,0.328328274291378,2.18931564410912
"2 Global fit",-52.4,7.6,-125.6,23.2,-13.4,0.4,0.328328274291378,2.18931564410912
"3 1/Tm vs lnCT",-133.897510438662,6.85763406901012,-373.17471393284,20.5906515971048,-18.16483640667,0.471787363291095,NA,2.18931564410912
