"Method","H","SE.H","S","SE.S","G","SE.G","K_error","R"
"1 VH plot",-59.6,1.5,-158.9,4.8,-10.3,0,0.297142679914788,0.858618162449026
"2 Global fit",-59.3,81.9,-158,261.7,-10.3,0.8,0.297142679914788,0.858618162449026
"3 1/Tm vs lnCT",-104.698892438399,5.86961795436314,-300.223350119028,18.470750254406,-11.5906248659849,0.142873415497259,NA,0.858618162449026
