"Method","H","SE.H","S","SE.S","G","SE.G","K_error","R"
"1 VH plot",-45.6,0.2,-114.2,0.6,-10.2,0,0.502842874375039,0.986030546963521
"2 Global fit",-45.5,11.6,-114,37,-10.2,0.1,0.502842874375039,0.986030546963521
"3 1/Tm vs lnCT",-112.063640430222,9.45028640232834,-327.61876433147,30.0867177178456,-10.4592330481035,0.123545165644426,NA,0.986030546963521
