"Method","H","SE.H","S","SE.S","G","SE.G","K_error","R","Kd.opt"
"1 VH plot",-39.015299432988,0.92140948192809,-89.0639872901944,2.87381810097911,-11.3921037749342,0.03029210485341,0.5164026252633,0.953786331333073,15.3753492942663
"2 Global fit",-38.6252993508116,22.5497208349881,-87.8461482936659,70.37966938729,-11.3798164575311,0.726152237754422,0.5164026252633,0.953786331333073,15.3753492942663
"3 1/Tm vs lnCT",-195.598777551516,16.09516753048,-577.721151122088,49.9394940960417,-16.4301169540227,0.607361316865656,NA,0.953786331333073,15.3753492942663
