"Method","H","SE.H","S","SE.S","G","SE.G","K_error","R"
"1 VH plot",-58.9,1.1,-144.6,3.3,-14.1,0.1,1.46895513899704,1.02479491656998
"2 Global fit",-60.1,10.6,-148.3,32,-14.1,0.7,1.46895513899704,1.02479491656998
"3 1/Tm vs lnCT",-365.045562378906,255.973926803869,-1068.60845799934,769.58740754271,-33.6380212995703,17.2882164510174,NA,1.02479491656998
