"Method","H","SE.H","S","SE.S","G","SE.G","K_error","R"
"1 VH plot",-43.2,3.2,-107.7,10.3,-9.8,0,0.606155250374502,0.883124607165083
"2 Global fit",-43.4,90.8,-108.4,289.7,-9.8,0.9,0.606155250374502,0.883124607165083
"3 1/Tm vs lnCT",-180.762241783361,39.091156349976,-549.489273243173,125.151441786224,-10.3491334724558,0.289521475027567,NA,0.883124607165083
