"Method","H","SE.H","S","SE.S","G","SE.G","K_error","R"
"1 VH plot",-67.4,0.9,-169.5,2.8,-14.8,0.1,0.429439129475598,1.0492960092579
"2 Global fit",-67.8,11.1,-170.6,33.4,-14.9,0.8,0.429439129475598,1.0492960092579
"3 1/Tm vs lnCT",-103.552242322954,2.85085087921213,-277.014081585161,8.42869053099589,-17.6418652009481,0.236973482808151,NA,1.0492960092579
