"Method","H","SE.H","S","SE.S","G","SE.G","K_error","R"
"1 VH plot",-64.6,1.2,-160.5,3.5,-14.9,0.1,0.406710891529994,1.16575841422765
"2 Global fit",-65.7,6.8,-163.8,20.4,-14.9,0.5,0.406710891529994,1.16575841422765
"3 1/Tm vs lnCT",-100.503428079493,3.8099524949701,-267.57147642521,11.245234289178,-17.5214860957426,0.322590423928082,NA,1.16575841422765
