"Method","H","SE.H","S","SE.S","G","SE.G","K_error","R"
"1 VH plot",-49.6,0.6,-121.7,1.9,-11.9,0,0.466033195069788,0.884622603900394
"2 Global fit",-49.5,20.9,-121.2,65,-11.9,0.8,0.466033195069788,0.884622603900394
"3 1/Tm vs lnCT",-184.787535985814,15.6583386612972,-542.577829535512,48.4528477262681,-16.5178737119662,0.631687980235328,NA,0.884622603900394
