"Method","H","SE.H","S","SE.S","G","SE.G","K_error","R"
"1 VH plot",-48.1,0.7,-119.2,2.1,-11.1,0,0.435693649165923,0.897869842222186
"2 Global fit",-47.9,27.8,-118.6,87.2,-11.1,0.7,0.435693649165923,0.897869842222186
"3 1/Tm vs lnCT",-146.511115016611,10.0526345315382,-428.066033235065,31.3756461060728,-13.7549961294202,0.322737894768422,NA,0.897869842222186
