"Method","H","SE.H","S","SE.S","G","SE.G","K_error","R","Kd.opt"
"1 VH plot",-42.2701476217974,0.320658601253133,-99.2910727997033,0.994304376384491,-11.4750213929694,0.0124811099689465,1.27163878492506,1.03119431771842,7.17989937625604
"2 Global fit",-41.6332392054303,11.9957565499661,-97.3084344207048,37.3538615948189,-11.4530282698487,0.416480325848082,1.27163878492506,1.03119431771842,7.17989937625604
"3 1/Tm vs lnCT",-181.039491478994,17.4245902074229,-534.617884908833,54.2592901199508,-15.2384468322176,0.597296752773036,NA,1.03119431771842,7.17989937625604
