"Method","H","SE.H","S","SE.S","G","SE.G","K_error","R"
"1 VH plot",-50.5,0.2,-128.1,0.7,-10.7,0,0.323702085303351,0.859357485429266
"2 Global fit",-50.6,8.3,-128.4,26.7,-10.7,0.1,0.323702085303351,0.859357485429266
"3 1/Tm vs lnCT",-157.003759230527,11.7208255590649,-468.979923137462,37.1941210375624,-11.5590156679064,0.18768921900442,NA,0.859357485429266
