"Method","H","SE.H","S","SE.S","G","SE.G","K_error","R"
"1 VH plot",-42.4,0.6,-99.7,2,-11.5,0,0.743972961045331,1.03119431771842
"2 Global fit",-42,28.5,-98.5,88.4,-11.5,1.1,0.743972961045331,1.03119431771842
"3 1/Tm vs lnCT",-181.039491478994,17.4245902074229,-534.617884908833,54.2592901199508,-15.2384468322176,0.597296752773036,NA,1.03119431771842
