"Method","H","SE.H","S","SE.S","G","SE.G","K_error","R","Kd.opt"
"1 VH plot",-70.3729782160659,0.649249307274087,-177.630659666529,1.94467763068301,-15.280829120492,0.0461926341528575,0.35274466497756,1.16575841422765,4.44568440783682
"2 Global fit",-70.4878094248368,15.1055024494085,-177.973134349336,45.227622513257,-15.2894418063903,1.0800213982111,0.35274466497756,1.16575841422765,4.44568440783682
"3 1/Tm vs lnCT",-100.503428079493,3.8099524949701,-267.57147642521,11.245234289178,-17.5214860957426,0.322590423928082,NA,1.16575841422765,4.44568440783682
