"Method","H","SE.H","S","SE.S","G","SE.G","K_error","R","Kd.opt"
"1 VH plot",-62.7495087275682,0.723746256870233,-168.599124996356,2.31190167012978,-10.4584901099483,0.00754157146010032,0.293423435253122,0.969366096520701,7.02950056258457
"2 Global fit",-62.6951332228823,9.54249879497316,-168.423922699901,30.4871397746069,-10.4584535975079,0.0974706829600768,0.293423435253122,0.969366096520701,7.02950056258457
"3 1/Tm vs lnCT",-97.7282695298343,2.87011068570527,-278.355401522184,9.03140036047318,-11.4019088557593,0.0700284749810262,NA,0.969366096520701,7.02950056258457
