"Method","H","SE.H","S","SE.S","G","SE.G","K_error","R","Kd.opt"
"1 VH plot",-45.0444867187952,0.18544531382501,-112.481118789693,0.594636506271598,-10.158467726172,0.00152167935429233,0.418635437723127,0.986028896745142,10.555348715539
"2 Global fit",-44.9689866169293,7.97834032509747,-112.238079196179,25.6192359879299,-10.1583463542343,0.056378784874009,0.418635437723127,0.986028896745142,10.555348715539
"3 1/Tm vs lnCT",-112.063697298221,9.45029949725307,-327.618944393125,30.0867590084452,-10.459234073581,0.123545447419055,NA,0.986028896745142,10.555348715539
