"Method","H","SE.H","S","SE.S","G","SE.G","K_error","R","Kd.opt"
"1 VH plot",-56.6648870137584,0.842262566282509,-148.003700146667,2.67832006218638,-10.7615394132696,0.0120286735249755,0.313912416552897,0.77976170572917,6.16554313533042
"2 Global fit",-56.7015445895452,14.9479107572481,-148.11889591043,47.5320795369325,-10.7624690229254,0.213524807531568,0.313912416552897,0.77976170572917,6.16554313533042
"3 1/Tm vs lnCT",-112.659844026948,5.7029054433663,-323.183767461261,17.8498493786547,-12.4308622241869,0.168208219150244,NA,0.77976170572917,6.16554313533042
