"Method","H","SE.H","S","SE.S","G","SE.G","K_error","R","Kd.opt"
"1 VH plot",-44.9231844139506,0.199969405571206,-112.090687147074,0.64168993718615,-10.1582577952856,0.00147780388889765,0.38507365852226,0.986030546963521,10.5554675653432
"2 Global fit",-44.8809908167041,8.63182477351846,-111.954669428438,27.7301174935346,-10.1582500934739,0.0563169605134101,0.38507365852226,0.986030546963521,10.5554675653432
"3 1/Tm vs lnCT",-112.063640430222,9.45028640232834,-327.61876433147,30.0867177178456,-10.4592330481035,0.123545165644426,NA,0.986030546963521,10.5554675653432
