"Method","H","SE.H","S","SE.S","G","SE.G","K_error","R"
"1 VH plot",-56.2,0.2,-136.4,0.6,-13.8,0,0.448524783911945,1.34700434343878
"2 Global fit",-56.1,7.7,-136.3,23.4,-13.8,0.5,0.448524783911945,1.34700434343878
"3 1/Tm vs lnCT",-140.785395871705,6.97425548809849,-392.894261368814,20.9001925500497,-18.9370985933953,0.492419290999794,NA,1.34700434343878
