"Method","H","SE.H","S","SE.S","G","SE.G","K_error","R"
"1 VH plot",-61.8,0.8,-164.5,2.5,-10.8,0,0.313591744412958,0.983519997110464
"2 Global fit",-61.7,22.2,-164.3,70.4,-10.8,0.3,0.313591744412958,0.983519997110464
"3 1/Tm vs lnCT",-95.3152983436204,2.17361827285202,-269.168516667001,6.80319593640866,-11.8380662696834,0.0642644887341327,NA,0.983519997110464
