"Method","H","SE.H","S","SE.S","G","SE.G","K_error","R","Kd.opt"
"1 VH plot",-59.5143030593019,0.863634646411273,-157.299070244143,2.74426180302368,-10.727996423081,0.0132689365277053,0.345823612756405,0.983519997110464,10.3425801791376
"2 Global fit",-59.3866032162612,10.1231280672298,-156.890483420648,32.174224163301,-10.7270197833472,0.1528872957789,0.345823612756405,0.983519997110464,10.3425801791376
"3 1/Tm vs lnCT",-95.3152983436204,2.17361827285202,-269.168516667001,6.80319593640866,-11.8380662696834,0.0642644887341327,NA,0.983519997110464,10.3425801791376
