"Method","H","SE.H","S","SE.S","G","SE.G","K_error","R","Kd.opt"
"1 VH plot",-84.9777174055089,2.59671051958021,-219.839607048706,7.7121194984263,-16.7944632793529,0.204856508920105,0.445311441835144,1.05444831709598,8.1583685434076
"2 Global fit",-84.9642908791413,61.476755989406,-219.80009503749,182.591588901936,-16.7932914032639,4.84737462364447,0.445311441835144,1.05444831709598,8.1583685434076
"3 1/Tm vs lnCT",-130.477144554117,5.68115974930488,-354.991659772979,16.7246958413457,-20.3835811087232,0.494311529198931,NA,1.05444831709598,8.1583685434076
