Method,H,SE.H,S,SE.S,G,SE.G,K_error,R,Kd.opt
1 VH plot,-69.6928545675151,0.587328049133807,-187.027026142014,1.8468289435928,-11.6864224095696,0.0147435209123156,0.459695022614471,0.771071677083922,0
2 Global fit,-69.6666748462947,20.4431015244441,-186.943787696875,64.2766886410855,-11.6860590921091,0.51461861524663,0.459695022614471,0.771071677083922,0
1MNaCl,-72.93666667,,-196.448202,,-11.99333333,,,,
1 VH plot – 1MNaCl,4.44743672913027,,4.79575570662948,,2.55901267800751,,,,
2 Global fit – 1MNaCl,4.48333050165329,,4.83812740781664,,2.56204200647278,,,,
