"Estimate","Std..Error","t.value","Pr...t.."
0.00667354575012899,0.00029090893044984,22.9403261694631,5.22354064091386e-25
149.845380168507,6.53196380302441,NA,NA
