"Estimate","Std..Error","t.value","Pr...t.."
0.00192570553924477,0.000201232068846495,9.56957581504443,1.1429682671633e-11
519.290192410301,54.2647033104559,NA,NA
