"Estimate","Std..Error","t.value","Pr...t.."
0.00229636067796585,9.27038716229441e-05,24.7709252889229,1.30764499545696e-19
435.471661570958,17.5799513539243,NA,NA
