"Estimate","Std..Error","t.value","Pr...t.."
0.0631652417945055,0.0034355156689223,18.3859565438455,1.17833242293137e-12
15.8314916810306,0.861064347850319,NA,NA
