"Estimate","Std..Error","t.value","Pr...t.."
0.276162946062827,0.0722441154553195,3.82263585514622,0.000741214646270962
3.62105059442877,0.947265376992145,NA,NA
