"Estimate","Std..Error","t.value","Pr...t.."
0.00214999148593909,5.50863392297435e-05,39.0294856402114,1.91100250316494e-30
465.118120950704,11.9170958397541,NA,NA
