"Estimate","Std..Error","t.value","Pr...t.."
0.0631652193783593,0.00343551461729201,18.3859556470606,1.17833335565465e-12
15.8314972993287,0.861064695424723,NA,NA
