"Estimate","Std..Error","t.value","Pr...t.."
5.3718680480657e-07,5.81440243674522e-05,0.00923889962297271,0.992680991129204
1861549.8203834,201490425.954473,NA,NA
