"Estimate","Std..Error","t.value","Pr...t.."
357.777032871763,3305058.80531635,0.000108251336495515,0.999914242592062
0.00279503687526646,25.8198832989214,NA,NA
