"Estimate","Std..Error","t.value","Pr...t.."
0.00192570520915023,0.000201232159970602,9.56956984127962,1.14298762402822e-11
519.290281424371,54.2647464867588,NA,NA
