"Estimate","Std..Error","t.value","Pr...t.."
7.32691728979866e-08,5.35564101352292e-06,0.0136807475917417,0.989151039211423
13648304.7432828,997628576.344875,NA,NA
