"Estimate","Std..Error","t.value","Pr...t.."
0.00858377858502167,0.000958290507548805,8.9573866352678,3.35135696339527e-11
116.498811111572,13.0058928854185,NA,NA
