"Estimate","Std..Error","t.value","Pr...t.."
5.08110531167441e-09,1.16062138960509e-08,0.437791803354865,0.663834987958791
196807572.104909,449546041.284334,NA,NA
