"Estimate","Std..Error","t.value","Pr...t.."
187503.823065886,1505.30180866201,124.56227846597,1.39841744244738e-55
0,1320.12927037845,0,1
0.351106252138335,0.0145445967325092,24.1399784810509,3.02485617900041e-26
