"Estimate","Std..Error","t.value","Pr...t.."
195971.086605399,1053.35672508089,186.044368388449,1.23139383741205e-61
0,825.040630051747,0,1
0.282708422467656,0.00746948320121384,37.8484581666525,1.62030064343338e-33
