"Estimate","Std..Error","t.value","Pr...t.."
189771.697283957,1406.43894635109,134.930632983612,4.90664623965981e-57
516.35823838065,1060.94117770238,0.48669827247058,0.629002428042421
0.26568743457784,0.00938185000000502,28.3193010523189,5.41413195058529e-29
