Estimate,Std..Error,t.value,Pr...t..
187503.823065886,1505.30180866201,124.56227846597,1.39841744244738E-55
0,1320.12927037845,0,1
0.351106252138335,0.014544596732509,24.1399784810509,3.02485617900041E-26
