"Method","H","SE.H","S","SE.S","G","SE.G","K_error","R","Kd.opt"
"1 VH plot",-65.5067248075787,2.41000584944981,-162.093902049074,7.18825869486113,-15.2333010870582,0.181119159236168,0.485398889222317,1.05444831709598,8.1583685434076
"2 Global fit",-65.3534527777504,12.2156068801891,-161.620968439988,36.4263498668285,-15.2267094160882,0.920503665185982,0.485398889222317,1.05444831709598,8.1583685434076
