"Method","H","SE.H","S","SE.S","G","SE.G","K_error","R","Kd.opt"
"1 VH plot",-43.7810115003299,0.654017153352374,-100.312753410945,2.0030046569862,-12.6690110299252,0.0330601665527736,0.406205588790977,1.46998772034618,13.6089804643684
"2 Global fit",-43.7800668930743,8.16052228671934,-100.30606608936,24.9853912167183,-12.6701404954593,0.414480180738928,0.406205588790977,1.46998772034618,13.6089804643684
