"Method","H","SE.H","S","SE.S","G","SE.G","K_error","R","Kd.opt"
"1 VH plot",-61.2564102584723,1.06854368457425,-163.932404028635,3.41878920575135,-10.4127751489911,0.0127469830393369,0.459500130789063,0.969365930659789,7.02948845905293
"2 Global fit",-60.9498502149802,4.09135625416882,-162.924321869059,13.0934691245354,-10.4188717872916,0.0455461332086744,0.459500130789063,0.969365930659789,7.02948845905293
"3 1/Tm vs lnCT",-97.7282693492823,2.87011312614343,-278.35540084995,9.0314079941805,-11.4019088836872,0.0700285469684095,NA,0.969365930659789,7.02948845905293
