"Method","H","SE.H","S","SE.S","G","SE.G","K_error","R","Kd.opt"
"1 VH plot",-53.4550767533971,0.368862414375513,-137.653213827691,1.17653427224945,-10.7619324847389,0.00462584484336733,0.489992101484125,0.859357485429266,1.81291062553977
"2 Global fit",-53.165932084608,8.48811797072379,-136.727545146398,27.1081205717599,-10.7598839574527,0.0957283990536954,0.489992101484125,0.859357485429266,1.81291062553977
