"Method","H","SE.H","S","SE.S","G","SE.G","K_error","R","Kd.opt"
"1 VH plot",-53.397613755822,0.967360045311475,-133.387136672241,2.99511976001805,-12.0275933169264,0.038773095609663,0.6770194100651,0.884622603900394,4.87618736438174
"2 Global fit",-52.2795411025358,13.9145382744998,-129.916762186994,43.1621819594079,-11.9858573102396,0.532303075845697,0.6770194100651,0.884622603900394,4.87618736438174
