"Method","H","SE.H","S","SE.S","G","SE.G","K_error","R","Kd.opt"
"1 VH plot",-63.2462892057676,0.938714133705965,-168.938247233092,2.96735178051931,-10.8500918264242,0.0196093288362565,0.633938420712847,0.77976170572917,6.16554313533042
"2 Global fit",-62.2759832826772,7.27090599582043,-165.854271381326,23.020520229903,-10.8362810137591,0.139743651266204,0.633938420712847,0.77976170572917,6.16554313533042
