"Method","H","SE.H","S","SE.S","G","SE.G","K_error","R","Kd.opt"
"1 VH plot",-61.390044098212,0.760230342897283,-152.072038354164,2.29343512752449,-14.2249014026682,0.0491907451835729,0.820801739545853,1.02479491045224,3.72591460768806
"2 Global fit",-61.1187734931065,14.0901705759998,-151.247373838832,42.5325619054336,-14.2094004969928,0.903229362679058,0.820801739545853,1.02479491045224,3.72591460768806
"3 1/Tm vs lnCT",-365.045641698521,255.972733087288,-1068.60869647128,769.583825633337,-33.6380266618827,17.2881336731605,NA,1.02479491045224,3.72591460768806
