"Method","H","SE.H","S","SE.S","G","SE.G","K_error","R","Kd.opt"
"1 VH plot",-59.0241130640721,1.16064397142998,-157.110576509437,3.70761641289388,-10.2962677596701,0.0131112869958598,0.447704924898656,0.858618162449026,10.4222861785075
"2 Global fit",-58.518204216625,7.61204291073086,-155.484823922506,24.3309750674569,-10.2945860770599,0.0808871234077019,0.447704924898656,0.858618162449026,10.4222861785075
