"Method","H","SE.H","S","SE.S","G","SE.G"
"1 VH plot",-58.7,1.3,-155.9,4.3,-10.4,0
"2 Global fit",-61.7,3.8,-165.4,12.1,-10.4,0
"3 1/Tm vs lnCT",-108.815756637337,6.55303533161598,-313.146681311672,20.6636382573772,-11.6995763621485,0.148478840534585
