"Method","H","SE.H","S","SE.S","G","SE.G"
"1 VH plot",-43.7,0.9,-102.8,2.8,-11.8,0
"2 Global fit",-44.5,3.9,-105.2,12.2,-11.8,0.1
"3 1/Tm vs lnCT",-133.798625208345,16.2175943254779,-385.311561793239,50.1850254874757,-14.3019505494073,0.653543749092363
