"Method","H","SE.H","S","SE.S","G","SE.G"
"1 VH plot",-75.8,0.5,-192.6,1.5,-16,0
"2 Global fit",-76,12.9,-193.3,38.4,-16,1
"3 1/Tm vs lnCT",-88.7679130273538,3.52211993326988,-231.505849556065,10.3220579475505,-16.9710039045313,0.320909596548408
