"Method","H","SE.H","S","SE.S","G","SE.G"
"1 VH plot",-57.7,0.3,-141.1,0.9,-14,0
"2 Global fit",-57.7,6.8,-141.1,20.5,-14,0.4
"3 1/Tm vs lnCT",-118.613307049619,4.22256496212337,-326.440141626673,12.6695673446576,-17.3744259269387,0.293569490940562
