Helix,Condition,G,SE.G,,
F,Monovalent,-13.8270470471353,0.012538877244244,0,0.017732650255741
F,NTPCM,-13.4199401431308,0.018732032036947,0.4071069040045,0.022541350154314
F,WMCM,-14.2249014026682,0.049190745183573,-0.3978543555329,0.050763696223398
F,Ecoli80,-12.7004150513568,0.035788632991965,1.1266319957785,0.037921625676911
G,Monovalent,-12.0275921591682,0.038772951403548,0,0.040750033166712
G,NTPCM,-11.5031952950006,0.019091393981615,0.524396864167601,0.022840857398693
G,WMCM,-11.9251688013443,0.091658253490377,0.1024233578239,0.092511939096813
G,Ecoli80,-11.3848489782859,0.049924780957062,0.642743180882301,0.051475306664039
H,Monovalent,-10.7619346874524,0.004625790165552,0,0.013364930871574
H,NTPCM,-10.158467726172,0.001521679354292,0.603466961280398,0.012630872915341
H,WMCM,-9.95919760782876,0.018823570719877,0.80273707962364,0.022617476808708
H,Ecoli80,-10.151696915489,0.002598128491616,0.6102377719634,0.012805222145873
I,Monovalent,-15.6044316212971,0.059932910522938,0,0.061230525118578
I,NTPCM,-15.2808321527137,0.046192362202863,0.323599468583401,0.047863950614494
I,WMCM,-15.2333005256667,0.181118528456978,0.371131095630401,0.181552044309524
I,Ecoli80,-14.9929747946943,0.059308132674246,0.611456826602801,0.060619122757197
J,Monovalent,-10.850087738169,0.019607578960026,0,0.023274032637682
J,NTPCM,-10.2962674218011,0.013111300901966,0.553820316367901,0.018141930820288
J,WMCM,-10.8515959332866,0.021694710900597,-0.0015081951176,0.025057612089078
J,Ecoli80,-10.4127751489911,0.012746983039337,0.4373125891779,0.017880408808284
