Nucleotide,N,Dotbracket,Reactivity,SE.k,Significant,Condition
G,1,.,,,,
G,2,.,,,,
A,3,.,,,,
A,4,.,,,,
C,5,<,,,,
A,6,<,,,,
C,7,<,,,,
U,8,<,,,,
C,9,<,,,,
A,10,<,,,,
U,11,<,,,,
A,12,<,,,,
U,13,.,,,,
A,14,.,,,,
A,15,.,,,,
U,16,.,,,,
C,17,.,,,,
G,18,<,,,,
C,19,<,,,,
G,20,<,,,,
U,21,<,,,,
G,22,<,,,,
G,23,.,,,,
A,24,.,,,,
U,25,.,,,,
A,26,.,,,,
U,27,.,,,,
G,28,.,,,,
G,29,.,20.9900470751294,5.72729221362232,TRUE,Eco80
C,30,>,-19.8033547511312,16.7147500939686,FALSE,Eco80
A,31,>,833.450206155477,28.3630051295004,TRUE,Eco80
C,32,>,195.471457404916,7.71590949275494,TRUE,Eco80
G,33,>,-9.75258060413354,9.41290682458158,FALSE,Eco80
C,34,>,45.6695174269292,11.0176442337147,TRUE,Eco80
A,35,.,84.8513472585708,7.81930852632011,TRUE,Eco80
A,36,.,79.4009347030288,11.3545834959903,TRUE,Eco80
G,37,.,52.7796502221679,13.4738337972635,TRUE,Eco80
U,38,.,29.3517819982879,8.35813587216256,TRUE,Eco80
U,39,.,113.150040161428,7.55377901582711,TRUE,Eco80
U,40,.,110.549591080673,9.35632572734229,TRUE,Eco80
C,41,.,69.0660042721454,12.2239870816466,TRUE,Eco80
U,42,.,110.10360163059,3.85064133625201,TRUE,Eco80
A,43,.,29.614215775957,1.02135321090044,TRUE,Eco80
C,44,.,26.5202095960214,7.57404598975075,TRUE,Eco80
C,45,<,27.2767302352126,7.27398126414596,TRUE,Eco80
G,46,<,23.9243541233541,3.47076316558237,TRUE,Eco80
G,47,<,50.6924490187926,7.311422295168,TRUE,Eco80
G,48,<,65.5918302311361,3.18569363545864,TRUE,Eco80
C,49,<,81.1677991194815,7.22792943002551,TRUE,Eco80
A,50,<,70.2907509110921,8.35796301095467,TRUE,Eco80
C,51,.,-33.9334800040765,6.85377882913065,TRUE,Eco80
C,52,.,86.0810173902409,9.35952852711688,TRUE,Eco80
G,53,.,-0.142622282010514,5.97411768107712,FALSE,Eco80
U,54,.,540.090217512535,13.3483077220405,TRUE,Eco80
A,55,.,17.2505736164025,6.66126176108444,TRUE,Eco80
A,56,.,-28.8442683885696,12.2828946522956,TRUE,Eco80
A,57,.,12.4855354367943,13.5407878096574,FALSE,Eco80
U,58,>,-5.33350296712789,14.7884280433496,FALSE,Eco80
G,59,>,2.27309720272308,15.4272709208772,FALSE,Eco80
U,60,>,-18.9389301210713,16.0807413859709,FALSE,Eco80
C,61,>,94.395216566793,16.6444901187332,TRUE,Eco80
C,62,>,40.8303268512826,53.1188219093787,FALSE,Eco80
G,63,>,178.267398899352,101.468279737836,FALSE,Eco80
A,64,.,,,,
C,65,.,,,,
U,66,>,,,,
A,67,>,,,,
U,68,>,,,,
G,69,>,,,,
G,70,>,,,,
G,71,>,,,,
U,72,>,,,,
G,73,>,,,,
