Nucleotide,N,Dotbracket,Reactivity,SE.k,Significant,Condition
G,1,.,,,,
G,2,.,,,,
A,3,.,,,,
A,4,.,,,,
C,5,<,,,,
A,6,<,,,,
C,7,<,,,,
U,8,<,,,,
C,9,<,,,,
A,10,<,,,,
U,11,<,,,,
A,12,<,,,,
U,13,.,,,,
A,14,.,,,,
A,15,.,,,,
U,16,.,,,,
C,17,.,,,,
G,18,<,,,,
C,19,<,,,,
G,20,<,,,,
U,21,<,,,,
G,22,<,,,,
G,23,.,,,,
A,24,.,,,,
U,25,.,,,,
A,26,.,,,,
U,27,.,,,,
G,28,.,,,,
G,29,.,42.3778924250953,40.9031308376032,FALSE,NTPCM
C,30,>,597.915769467206,40.9031308376032,TRUE,NTPCM
A,31,>,176.716213672496,40.9031308376031,TRUE,NTPCM
C,32,>,20.2578161591461,40.9031308376032,FALSE,NTPCM
G,33,>,88.228102621173,40.903130837603,FALSE,NTPCM
C,34,>,137.753439329827,40.903130837603,TRUE,NTPCM
A,35,.,-14.3533091435324,40.9031308376031,FALSE,NTPCM
A,36,.,102.817292283234,40.9031308376032,FALSE,NTPCM
G,37,.,110.695739969835,40.9031308376031,FALSE,NTPCM
U,38,.,123.190850491215,40.9031308376032,FALSE,NTPCM
U,39,.,86.4194446618564,40.9031308376032,FALSE,NTPCM
U,40,.,120.661782365171,40.9031308376032,FALSE,NTPCM
C,41,.,139.553731922874,40.9031308376032,TRUE,NTPCM
U,42,.,149.138830993437,40.9031308376032,TRUE,NTPCM
A,43,.,139.410444256655,40.9031308376032,TRUE,NTPCM
C,44,.,76.2016669927849,40.9031308376031,FALSE,NTPCM
C,45,<,43.5464474257061,40.9031308376031,FALSE,NTPCM
G,46,<,80.7028689087274,40.9031308376032,FALSE,NTPCM
G,47,<,75.7368794309239,40.9031308376031,FALSE,NTPCM
G,48,<,97.939464258286,40.9031308376033,FALSE,NTPCM
C,49,<,115.230165341812,40.9031308376031,FALSE,NTPCM
A,50,<,114.535367885533,40.9031308376032,FALSE,NTPCM
C,51,.,24.7854631119812,40.9031308376031,FALSE,NTPCM
C,52,.,73.1879893440955,40.9031308376031,FALSE,NTPCM
G,53,.,475.225549264196,40.9031308376031,TRUE,NTPCM
U,54,.,105.015354784558,40.9031308376031,FALSE,NTPCM
A,55,.,50.7023512372103,40.9031308376032,FALSE,NTPCM
A,56,.,55.0827049203051,40.9031308376032,FALSE,NTPCM
A,57,.,42.0472489176962,40.9031308376032,FALSE,NTPCM
U,58,>,81.8084134686725,40.9031308376032,FALSE,NTPCM
G,59,>,128.716831834006,40.9031308376032,FALSE,NTPCM
U,60,>,32.6173234356532,40.9031308376032,FALSE,NTPCM
C,61,>,192.475621483849,43.3880518888317,TRUE,NTPCM
C,62,>,49.5091626676451,40.9031308376032,FALSE,NTPCM
G,63,>,49.5091626676451,40.9031308376032,FALSE,NTPCM
A,64,.,,,,
C,65,.,,,,
U,66,>,,,,
A,67,>,,,,
U,68,>,,,,
G,69,>,,,,
G,70,>,,,,
G,71,>,,,,
U,72,>,,,,
G,73,>,,,,
