Nucleotide,N,Dotbracket,Pknot,Reactivity,SE.k,Significant,Condition
G,1,<,,,,,
G,2,<,,,,,
G,3,<,,,,,
G,4,<,,,,,
G,5,<,,,,,
C,6,<,,,,,
C,7,.,,,,,
A,8,.,,,,,
C,9,.,,,,,
A,10,<,1,,,,
G,11,<,1,,,,
C,12,<,1,,,,
A,13,<,1,,,,
G,14,<,1,,,,
A,15,<,1,,,,
A,16,<,1,,,,
G,17,<,2,,,,
C,18,<,2,,,,
G,19,<,2,,,,
U,20,.,,,,,
U,21,.,,,,,
C,22,<,3,1202.99955161932,32.1757043035718,TRUE,Eco80
A,23,.,,181.197391853399,6.81428690381589,TRUE,Eco80
C,24,.,,299.237080372995,8.20655588189914,TRUE,Eco80
G,25,.,,199.401527765255,5.31290886694821,TRUE,Eco80
U,26,.,,618.934450116203,19.412957311614,TRUE,Eco80
C,27,>,2,103.591449392137,2.56437276502869,TRUE,Eco80
G,28,>,2,156.074010000429,5.49692612363981,TRUE,Eco80
C,29,>,2,546.953218522928,17.1540421663414,TRUE,Eco80
A,30,.,,104.383486037115,10.9309974055642,TRUE,Eco80
G,31,>,,230.523106256127,7.07371680490742,TRUE,Eco80
C,32,>,,123.150965319645,15.7021746517448,TRUE,Eco80
C,33,>,,92.8323454119365,13.8253300261256,TRUE,Eco80
C,34,>,,49.7556233223092,14.6766751687249,TRUE,Eco80
C,35,>,,106.069861692068,14.7956265980817,TRUE,Eco80
U,36,>,,106.162353485766,17.3910093522722,TRUE,Eco80
G,37,>,3,181.95157999313,8.64040517521784,TRUE,Eco80
U,38,.,,132.421562255106,13.6943704258422,TRUE,Eco80
C,39,<,,363.400661311868,16.2995932008519,TRUE,Eco80
A,40,<,,515.922900566272,10.4008284860022,TRUE,Eco80
G,41,<,,236.493939409596,5.20308693653892,TRUE,Eco80
A,42,<,,118.406148459026,4.50816478500327,TRUE,Eco80
U,43,<,,110.89253831018,7.75998351741488,TRUE,Eco80
U,44,<,,173.605006407993,2.87969664750221,TRUE,Eco80
C,45,<,,58.5770876964498,3.68322951788038,TRUE,Eco80
U,46,.,,174.960237149348,5.09170277370055,TRUE,Eco80
G,47,.,,317.494675323579,11.4604543022848,TRUE,Eco80
G,48,.,,460.877654779945,9.43901829350203,TRUE,Eco80
U,49,.,,88.124845839124,15.3667607873218,TRUE,Eco80
G,50,>,,116.173640712034,29.3492953659514,TRUE,Eco80
A,51,>,,55.7369085446943,18.1955155925039,TRUE,Eco80
A,52,>,,43.2268766669558,25.6943194098676,FALSE,Eco80
U,53,>,,11.3852516048142,18.7574344654949,FALSE,Eco80
C,54,>,,218.576575348122,42.1180790364026,TRUE,Eco80
U,55,>,,65.6614264000382,44.7022638605908,FALSE,Eco80
G,56,>,,103.807584931883,28.6261167340994,TRUE,Eco80
C,57,.,,,,,
G,58,.,,,,,
A,59,.,,,,,
A,60,.,,,,,
U,61,>,1,,,,
U,62,>,1,,,,
C,63,>,1,,,,
U,64,>,1,,,,
G,65,>,1,,,,
C,66,>,1,,,,
U,67,>,1,,,,
G,68,.,,,,,
