Nucleotide,N,Dotbracket,Pknot,Reactivity,SE.k,Significant,Condition
G,1,<,,,,,
G,2,<,,,,,
G,3,<,,,,,
G,4,<,,,,,
G,5,<,,,,,
C,6,<,,,,,
C,7,.,,,,,
A,8,.,,,,,
C,9,.,,,,,
A,10,<,1,,,,
G,11,<,1,,,,
C,12,<,1,,,,
A,13,<,1,,,,
G,14,<,1,,,,
A,15,<,1,,,,
A,16,<,1,,,,
G,17,<,2,,,,
C,18,<,2,,,,
G,19,<,2,,,,
U,20,.,,,,,
U,21,.,,,,,
C,22,<,3,514.480007841144,19.6909870358291,TRUE,NTPCM
A,23,.,,23.8954016672895,4.7711426278499,TRUE,NTPCM
C,24,.,,150.136655878128,8.05717386028147,TRUE,NTPCM
G,25,.,,12.3352322090259,10.8502471113377,FALSE,NTPCM
U,26,.,,250.099466701666,9.2540083663006,TRUE,NTPCM
C,27,>,2,-5.41041281089217,5.39186687453186,FALSE,NTPCM
G,28,>,2,57.2405108208384,4.67427272991495,TRUE,NTPCM
C,29,>,2,214.872223041986,7.36692487650715,TRUE,NTPCM
A,30,.,,6.22508078038105,5.86829916630947,FALSE,NTPCM
G,31,>,,89.8914108255957,5.31846017878465,TRUE,NTPCM
C,32,>,,38.6837367790318,16.4238413017458,TRUE,NTPCM
C,33,>,,15.2391954748062,9.34671260769335,FALSE,NTPCM
C,34,>,,16.4817557685043,9.88738795221713,FALSE,NTPCM
C,35,>,,56.0211057887851,16.0545033748347,TRUE,NTPCM
U,36,>,,22.4598646756088,11.6183367807561,FALSE,NTPCM
G,37,>,3,20.6884628068115,15.837532610539,FALSE,NTPCM
U,38,.,,17.8192512267902,9.06249695199384,FALSE,NTPCM
C,39,<,,123.839049423803,12.3901132585756,TRUE,NTPCM
A,40,<,,239.594139470037,12.6558926590213,TRUE,NTPCM
G,41,<,,54.2351681309224,4.16373252017967,TRUE,NTPCM
A,42,<,,23.1002678636002,3.81892691269505,TRUE,NTPCM
U,43,<,,22.5683504084718,5.53963497942383,TRUE,NTPCM
U,44,<,,20.1613865684362,5.37222134695121,TRUE,NTPCM
C,45,<,,18.2068471516534,2.24654790056956,TRUE,NTPCM
U,46,.,,22.3657912026267,9.13332756503053,TRUE,NTPCM
G,47,.,,140.005406451746,4.33249520423271,TRUE,NTPCM
G,48,.,,243.273247868768,7.25246826038159,TRUE,NTPCM
U,49,.,,10.0385931932133,9.29908579940298,FALSE,NTPCM
G,50,>,,12.1782593971915,27.8470075952018,FALSE,NTPCM
A,51,>,,51.9549689710938,12.5859060607619,TRUE,NTPCM
A,52,>,,12.9757393238489,26.0633976696591,FALSE,NTPCM
U,53,>,,7.87666108861575,21.8122668849184,FALSE,NTPCM
C,54,>,,103.473816206489,37.1355062757447,TRUE,NTPCM
U,55,>,,66.6783522646162,38.088579705345,FALSE,NTPCM
G,56,>,,66.7694893285887,32.9648916121887,FALSE,NTPCM
C,57,.,,,,,
G,58,.,,,,,
A,59,.,,,,,
A,60,.,,,,,
U,61,>,1,,,,
U,62,>,1,,,,
C,63,>,1,,,,
U,64,>,1,,,,
G,65,>,1,,,,
C,66,>,1,,,,
U,67,>,1,,,,
G,68,.,,,,,
