Nucleotide,N,Dotbracket,Pknot,Reactivity,SE.k,Significant,Condition
G,1,<,,,,,
G,2,<,,,,,
G,3,<,,,,,
G,4,<,,,,,
G,5,<,,,,,
C,6,<,,,,,
C,7,.,,,,,
A,8,.,,,,,
C,9,.,,,,,
A,10,<,1,,,,
G,11,<,1,,,,
C,12,<,1,,,,
A,13,<,1,,,,
G,14,<,1,,,,
A,15,<,1,,,,
A,16,<,1,,,,
G,17,<,2,,,,
C,18,<,2,,,,
G,19,<,2,,,,
U,20,.,,,,,
U,21,.,,,,,
C,22,<,3,935.160688111689,15.5022305056475,TRUE,WMCM
A,23,.,,341.321105111767,13.1208224777236,TRUE,WMCM
C,24,.,,381.541885726352,22.3480703906186,TRUE,WMCM
G,25,.,,701.622305097406,29.4317819925171,TRUE,WMCM
U,26,.,,884.953509828646,62.4935750015387,TRUE,WMCM
C,27,>,2,779.956136080886,14.7252906836403,TRUE,WMCM
G,28,>,2,394.069416991201,8.73956828320283,TRUE,WMCM
C,29,>,2,152.870543372756,9.6949954934453,TRUE,WMCM
A,30,.,,259.768069387776,12.1278637336992,TRUE,WMCM
G,31,>,,314.860378102021,16.1294975119276,TRUE,WMCM
C,32,>,,147.673372161539,38.1616719955237,TRUE,WMCM
C,33,>,,-44.5220181038352,25.6141081996094,FALSE,WMCM
C,34,>,,142.158922476542,29.359852189587,TRUE,WMCM
C,35,>,,98.9739300735819,39.9062645040002,TRUE,WMCM
U,36,>,,148.002705763597,25.5669023948107,TRUE,WMCM
G,37,>,3,243.942534088562,14.288874636896,TRUE,WMCM
U,38,.,,522.0104421007,44.1474119524442,TRUE,WMCM
C,39,<,,399.148170289889,11.6065613005329,TRUE,WMCM
A,40,<,,379.097824547514,5.57771965858389,TRUE,WMCM
G,41,<,,177.774676956193,6.04465590474834,TRUE,WMCM
A,42,<,,109.5107057788,4.69656989271004,TRUE,WMCM
U,43,<,,147.461867544823,4.48210163681418,TRUE,WMCM
U,44,<,,81.1248624426961,1.64545765699014,TRUE,WMCM
C,45,<,,8.37115071688929,4.22599922630368,FALSE,WMCM
U,46,.,,175.77637940489,6.54477569244135,TRUE,WMCM
G,47,.,,380.209981561632,11.2229558372766,TRUE,WMCM
G,48,.,,265.305878920891,13.4520678386344,TRUE,WMCM
U,49,.,,164.781853002267,16.5638708492758,TRUE,WMCM
G,50,>,,36.3369792635182,27.9055312697634,FALSE,WMCM
A,51,>,,44.0850723058712,16.7071873340758,TRUE,WMCM
A,52,>,,19.2231767393054,27.7185480546492,FALSE,WMCM
U,53,>,,26.6227270136337,23.5279100646511,FALSE,WMCM
C,54,>,,57.9717047358315,34.8028569285746,FALSE,WMCM
U,55,>,,75.5043985097006,37.7044683318578,FALSE,WMCM
G,56,>,,29.5417401877805,31.5433540707213,FALSE,WMCM
C,57,.,,,,,
G,58,.,,,,,
A,59,.,,,,,
A,60,.,,,,,
U,61,>,1,,,,
U,62,>,1,,,,
C,63,>,1,,,,
U,64,>,1,,,,
G,65,>,1,,,,
C,66,>,1,,,,
U,67,>,1,,,,
G,68,.,,,,,
