"Method","H","SE.H","S","SE.S","G","SE.G","K_error","R","Kd.opt"
"1 VH plot",-52.8824013707701,2.14914300653882,-132.056206898036,6.63450025729315,-11.9251688013443,0.0916582534903767,0.952684932116143,0.953786337161765,15.3753572956188
"2 Global fit",-51.5656013832986,52.749829633488,-127.987842568974,162.996018794881,-11.8701720105313,2.20131159179751,0.952684932116143,0.953786337161765,15.3753572956188
"3 1/Tm vs lnCT",-195.598754057024,16.0951843370939,-577.721078228192,49.9395454480442,-16.4301160661144,0.60736219507363,NA,0.953786337161765,15.3753572956188
