"Method","H","SE.H","S","SE.S","G","SE.G","K_error","R","Kd.opt"
"1 VH plot",-52.1750863196914,0.370567962417762,-124.956137922169,1.134908245223,-13.4199401431308,0.0187320320369465,0.328328274291378,2.18931564410912,4.55928752790553
"2 Global fit",-52.3917229729347,7.58220613249187,-125.616996761537,23.1866938342909,-13.4316114273439,0.393652114868432,0.328328274291378,2.18931564410912,4.55928752790553
"3 1/Tm vs lnCT",-133.897510438662,6.85763406901012,-373.17471393284,20.5906515971048,-18.16483640667,0.471787363291095,NA,2.18931564410912,4.55928752790553
