"Estimate","Std..Error","t.value","Pr...t.."
0.00214999146696557,5.5086306710277e-05,39.0295083363152,1.91096445909146e-30
465.118125055337,11.9170890149945,NA,NA
